Name,URL
Absolvers,https://wh40k.lexicanum.com/wiki/Absolvers
Accipiters,https://wh40k.lexicanum.com/wiki/Accipiters
Adamantine Lions,https://wh40k.lexicanum.com/wiki/Adamantine_Lions
Adulators,https://wh40k.lexicanum.com/wiki/Adulators
Andromedan Blades,https://wh40k.lexicanum.com/wiki/Andromedan_Blades
Angel Guard,https://wh40k.lexicanum.com/wiki/Angel_Guard
Angels Arisen,https://wh40k.lexicanum.com/wiki/Angels_Arisen
Angels Encarmine,https://wh40k.lexicanum.com/wiki/Angels_Encarmine
Angels Eradicant,https://wh40k.lexicanum.com/wiki/Angels_Eradicant
Angels Erythrean,https://wh40k.lexicanum.com/wiki/Angels_Erythrean
Angels Glorious,https://wh40k.lexicanum.com/wiki/Angels_Glorious
Angels Numinous,https://wh40k.lexicanum.com/wiki/Angels_Numinous
Angels of Absolution,https://wh40k.lexicanum.com/wiki/Angels_of_Absolution
Angels of Damnation,https://wh40k.lexicanum.com/wiki/Angels_of_Damnation
Angels of Defiance,https://wh40k.lexicanum.com/wiki/Angels_of_Defiance
Angels of Doom,https://wh40k.lexicanum.com/wiki/Angels_of_Doom
Angels of Excelsis,https://wh40k.lexicanum.com/wiki/Angels_of_Excelsis
Angels of Fire,https://wh40k.lexicanum.com/wiki/Angels_of_Fire
Angels of Fury,https://wh40k.lexicanum.com/wiki/Angels_of_Fury
Angels of Iron,https://wh40k.lexicanum.com/wiki/Angels_of_Iron
Angels of Light,https://wh40k.lexicanum.com/wiki/Angels_of_Light
Angels of Penance,https://wh40k.lexicanum.com/wiki/Angels_of_Penance
Angels of Purgatory,https://wh40k.lexicanum.com/wiki/Angels_of_Purgatory
Angels of Redemption,https://wh40k.lexicanum.com/wiki/Angels_of_Redemption
Angels of Repentance,https://wh40k.lexicanum.com/wiki/Angels_of_Repentance
Angels of Retribution,https://wh40k.lexicanum.com/wiki/Angels_of_Retribution
Angels of the Grail,https://wh40k.lexicanum.com/wiki/Angels_of_the_Grail
Angels of Vengeance,https://wh40k.lexicanum.com/wiki/Angels_of_Vengeance
Angels of Vigilance,https://wh40k.lexicanum.com/wiki/Angels_of_Vigilance
Angels of Wrath,https://wh40k.lexicanum.com/wiki/Angels_of_Wrath
Angels Penitent,https://wh40k.lexicanum.com/wiki/Angels_Penitent
Angels Porphyr,https://wh40k.lexicanum.com/wiki/Angels_Porphyr
Angels Puissant,https://wh40k.lexicanum.com/wiki/Angels_Puissant
Angels Redeemed,https://wh40k.lexicanum.com/wiki/Angels_Redeemed
Angels Repentant,https://wh40k.lexicanum.com/wiki/Angels_Repentant
Angels Resplendent,https://wh40k.lexicanum.com/wiki/Angels_Resplendent
Angels Revenant,https://wh40k.lexicanum.com/wiki/Angels_Revenant
Angels Sanguine,https://wh40k.lexicanum.com/wiki/Angels_Sanguine
Angels Vermillion,https://wh40k.lexicanum.com/wiki/Angels_Vermillion
Angels Vindicant,https://wh40k.lexicanum.com/wiki/Angels_Vindicant
Aquiloan Brotherhood,https://wh40k.lexicanum.com/wiki/Aquiloan_Brotherhood
Argent Swords,https://wh40k.lexicanum.com/wiki/Argent_Swords
Ashen Blades,https://wh40k.lexicanum.com/wiki/Dolorous_Guard
Ashen Conquerors,https://wh40k.lexicanum.com/wiki/Ashen_Conquerors
Ashen Reclaimers,https://wh40k.lexicanum.com/wiki/Ashen_Reclaimers
Astral Bears,https://wh40k.lexicanum.com/wiki/Astral_Bears
Astral Castellans,https://wh40k.lexicanum.com/wiki/Astral_Castellans
Astral Crusaders,https://wh40k.lexicanum.com/wiki/Astral_Crusaders
Astral Fists,https://wh40k.lexicanum.com/wiki/Astral_Fists
Astral Hawks,https://wh40k.lexicanum.com/wiki/Astral_Hawks
Astral Hounds,https://wh40k.lexicanum.com/wiki/Astral_Hounds_(Chapter)
Astral Knights,https://wh40k.lexicanum.com/wiki/Astral_Knights
Astral Spears,https://wh40k.lexicanum.com/wiki/Astral_Spears
Astral Templars,https://wh40k.lexicanum.com/wiki/Astral_Templars
Atlantian Spears,https://wh40k.lexicanum.com/wiki/Atlantian_Spears
Auric Consuls,https://wh40k.lexicanum.com/wiki/Auric_Consuls
Auric Paladins,https://wh40k.lexicanum.com/wiki/Auric_Paladins
Auric Paragons,https://wh40k.lexicanum.com/wiki/Auric_Paragons
Auric Patricians,https://wh40k.lexicanum.com/wiki/Auric_Patricians
Aurora Chapter,https://wh40k.lexicanum.com/wiki/Aurora_Chapter
Aurora Talons,https://wh40k.lexicanum.com/wiki/Aurora_Talons
Avengers,https://wh40k.lexicanum.com/wiki/Avengers
Avenging Sons,https://wh40k.lexicanum.com/wiki/Avenging_Sons
Axes of the Emperor,https://wh40k.lexicanum.com/wiki/Axes_of_the_Emperor
Azure Hawks,https://wh40k.lexicanum.com/wiki/Azure_Hawks
Benedictors,https://wh40k.lexicanum.com/wiki/Benedictors
Berserkers of Kharadon,https://wh40k.lexicanum.com/wiki/Skulltakers_(Renegade_Chapter)
Black Consuls,https://wh40k.lexicanum.com/wiki/Black_Consuls
Black Crusaders,https://wh40k.lexicanum.com/wiki/Black_Crusaders
Black Dragons,https://wh40k.lexicanum.com/wiki/Black_Dragons
Black Guard,https://wh40k.lexicanum.com/wiki/Black_Guard
Black Inculpators,https://wh40k.lexicanum.com/wiki/Black_Inculpators
Black Lions,https://wh40k.lexicanum.com/wiki/Black_Lions_(Chapter)
Black Pegasi,https://wh40k.lexicanum.com/wiki/Black_Pegasi
Black Ravens,https://wh40k.lexicanum.com/wiki/Black_Ravens
Black Talons,https://wh40k.lexicanum.com/wiki/Black_Talons
Black Templars,https://wh40k.lexicanum.com/wiki/Black_Templars
Black Vipers,https://wh40k.lexicanum.com/wiki/Black_Vipers
Black Vultures,https://wh40k.lexicanum.com/wiki/Black_Vultures
Black Wings,https://wh40k.lexicanum.com/wiki/Black_Wings
Bladekeepers,https://wh40k.lexicanum.com/wiki/Bladekeepers
Blades of Unity,https://wh40k.lexicanum.com/wiki/Blades_of_Unity
Blades of Vengeance,https://wh40k.lexicanum.com/wiki/Blades_of_Vengeance
Blazoned Legion,https://wh40k.lexicanum.com/wiki/Blazoned_Legion
Blood Angels,https://wh40k.lexicanum.com/wiki/Blood_Angels
Blood Dragons,https://wh40k.lexicanum.com/wiki/Blood_Dragons
Blood Drinkers,https://wh40k.lexicanum.com/wiki/Blood_Drinkers
Blood Eagles,https://wh40k.lexicanum.com/wiki/Blood_Eagles
Blood Knights,https://wh40k.lexicanum.com/wiki/Blood_Knights
Blood Krakens,https://wh40k.lexicanum.com/wiki/Blood_Krakens
Blood Legion,https://wh40k.lexicanum.com/wiki/Blood_Legion
Blood Lords,https://wh40k.lexicanum.com/wiki/Blood_Lords
Blood Ravens,https://wh40k.lexicanum.com/wiki/Blood_Ravens
Blood Reavers,https://wh40k.lexicanum.com/wiki/Blood_Reavers
Blood Scythes,https://wh40k.lexicanum.com/wiki/Blood_Scythes
Blood Sharks,https://wh40k.lexicanum.com/wiki/Blood_Sharks
Blood Swords,https://wh40k.lexicanum.com/wiki/Blood_Swords
Blood Templars,https://wh40k.lexicanum.com/wiki/Blood_Templars
Blood Tigers,https://wh40k.lexicanum.com/wiki/Blood_Tigers
Blood Vipers,https://wh40k.lexicanum.com/wiki/Blood_Vipers
Blood Wings,https://wh40k.lexicanum.com/wiki/Blood_Wings
Bone Knives,https://wh40k.lexicanum.com/wiki/Bone_Knives
Brazen Annihilators,https://wh40k.lexicanum.com/wiki/Brazen_Annihilators
Brazen Claws,https://wh40k.lexicanum.com/wiki/Brazen_Claws
Brazen Consuls,https://wh40k.lexicanum.com/wiki/Brazen_Consuls
Brazen Fists,https://wh40k.lexicanum.com/wiki/Brazen_Fists
Brazen Minotaurs,https://wh40k.lexicanum.com/wiki/Brazen_Minotaurs
Brazen Skulls,https://wh40k.lexicanum.com/wiki/Brazen_Skulls
Brethren Esoteric,https://wh40k.lexicanum.com/wiki/Brethren_Esoteric
Bringers of Judgement,https://wh40k.lexicanum.com/wiki/Bringers_of_Judgement
Brotherhood of a Thousand,https://wh40k.lexicanum.com/wiki/Brotherhood_of_a_Thousand
Brotherhood of Dorn,https://wh40k.lexicanum.com/wiki/Brotherhood_of_Dorn
Brotherhood of the Bear,https://wh40k.lexicanum.com/wiki/Brotherhood_of_the_Bear
Brothers of Jarad,https://wh40k.lexicanum.com/wiki/Brothers_of_Jarad
Brothers Penitent,https://wh40k.lexicanum.com/wiki/Brothers_Penitent
Burning Blood,https://wh40k.lexicanum.com/wiki/Burning_Blood
Carcharodons,https://wh40k.lexicanum.com/wiki/Carcharodons
Carmine Blades,https://wh40k.lexicanum.com/wiki/Carmine_Blades
Carnovora,https://wh40k.lexicanum.com/wiki/Carnovora
Castellans of the Rift,https://wh40k.lexicanum.com/wiki/Castellans_of_the_Rift
Celebrants,https://wh40k.lexicanum.com/wiki/Celebrants
Celestial Guard,https://wh40k.lexicanum.com/wiki/Celestial_Guard
Celestial Hounds,https://wh40k.lexicanum.com/wiki/Celestial_Hounds
Celestial Lions,https://wh40k.lexicanum.com/wiki/Celestial_Lions
Celestial Swords,https://wh40k.lexicanum.com/wiki/Celestial_Swords
Celestial Swords,https://wh40k.lexicanum.com/wiki/Celestial_Swords
Celestials,https://wh40k.lexicanum.com/wiki/Celestials
Cerulean Guard,https://wh40k.lexicanum.com/wiki/Cerulean_Guard
Champions of Thanatos,https://wh40k.lexicanum.com/wiki/Champions_of_Thanatos
Charnel Guard,https://wh40k.lexicanum.com/wiki/Charnel_Guard
Chevaliers de la Lumière,https://wh40k.lexicanum.com/wiki/Chevaliers_de_la_Lumi%C3%A8re
Claws of Ursus,https://wh40k.lexicanum.com/wiki/Claws_of_Ursus
Clementine Knights,https://wh40k.lexicanum.com/wiki/Clementine_Knights
Colossi of Kronos,https://wh40k.lexicanum.com/wiki/Colossi_of_Kronos
Condemnors,https://wh40k.lexicanum.com/wiki/Condemnors
Consecrators,https://wh40k.lexicanum.com/wiki/Consecrators
Contenders,https://wh40k.lexicanum.com/wiki/Contenders
Coruscators,https://wh40k.lexicanum.com/wiki/Coruscators_(Chapter)
Covenant of Fire,https://wh40k.lexicanum.com/wiki/Covenant_of_Fire
Cowled Wardens,https://wh40k.lexicanum.com/wiki/Cowled_Wardens
Crimson Axes,https://wh40k.lexicanum.com/wiki/Crimson_Axes
Crimson Blades,https://wh40k.lexicanum.com/wiki/Crimson_Blades
Crimson Castellans,https://wh40k.lexicanum.com/wiki/Crimson_Castellans
Crimson Consuls,https://wh40k.lexicanum.com/wiki/Crimson_Consuls
Crimson Fists,https://wh40k.lexicanum.com/wiki/Crimson_Fists
Crimson Guard,https://wh40k.lexicanum.com/wiki/Crimson_Guard_(Chapter)
Crimson Knights,https://wh40k.lexicanum.com/wiki/Crimson_Knights
Crimson Lament,https://wh40k.lexicanum.com/wiki/Crimson_Lament
Crimson Minotaurs,https://wh40k.lexicanum.com/wiki/Crimson_Minotaurs
Crimson Paladins,https://wh40k.lexicanum.com/wiki/Crimson_Paladins
Crimson Raptors,https://wh40k.lexicanum.com/wiki/Crimson_Raptors
Crimson Scions,https://wh40k.lexicanum.com/wiki/Crimson_Scions
Crimson Scythes,https://wh40k.lexicanum.com/wiki/Crimson_Scythes
Crimson Shades,https://wh40k.lexicanum.com/wiki/Crimson_Shades
Crimson Swords,https://wh40k.lexicanum.com/wiki/Crimson_Swords
Crimson Talons,https://wh40k.lexicanum.com/wiki/Crimson_Talons
Crimson Templars,https://wh40k.lexicanum.com/wiki/Crimson_Templars
Cruciform Sword,https://wh40k.lexicanum.com/wiki/Cruciform_Sword
Cruor Blades,https://wh40k.lexicanum.com/wiki/Cruor_Blades
Crusaders,https://wh40k.lexicanum.com/wiki/Crusaders
Dark Angels,https://wh40k.lexicanum.com/wiki/Dark_Angels
Dark Brotherhood,https://wh40k.lexicanum.com/wiki/Dark_Brotherhood
Dark Crusaders,https://wh40k.lexicanum.com/wiki/Dark_Crusaders
Dark Eagles,https://wh40k.lexicanum.com/wiki/Dark_Eagles
Dark Hands,https://wh40k.lexicanum.com/wiki/Dark_Hands
Dark Hunters,https://wh40k.lexicanum.com/wiki/Dark_Hunters
Dark Krakens,https://wh40k.lexicanum.com/wiki/Dark_Krakens
Dark Sons,https://wh40k.lexicanum.com/wiki/Dark_Sons
Dark Swords,https://wh40k.lexicanum.com/wiki/Dark_Swords
Dark Templars,https://wh40k.lexicanum.com/wiki/Dark_Templars
Darkspires,https://wh40k.lexicanum.com/wiki/Darkspires
Darting Blades,https://wh40k.lexicanum.com/wiki/Darting_Blades
Dawnstrikers,https://wh40k.lexicanum.com/wiki/Dawnstrikers
Death Eagles,https://wh40k.lexicanum.com/wiki/Death_Eagles
Death Hawks,https://wh40k.lexicanum.com/wiki/Death_Hawks
Death Hunters,https://wh40k.lexicanum.com/wiki/Death_Hunters
Death Falcons,https://wh40k.lexicanum.com/wiki/Death_Falcons
Death Knights,https://wh40k.lexicanum.com/wiki/Death_Knights
Death Spectres,https://wh40k.lexicanum.com/wiki/Death_Spectres
Death Strike,https://wh40k.lexicanum.com/wiki/Death_Strike
Death Wardens,https://wh40k.lexicanum.com/wiki/Death_Wardens
Deathdealers,https://wh40k.lexicanum.com/wiki/Deathdealers
Deathwatch,https://wh40k.lexicanum.com/wiki/Deathwatch
Defenders Obscurus,https://wh40k.lexicanum.com/wiki/Defenders_Obscurus
Desert Lions,https://wh40k.lexicanum.com/wiki/Desert_Lions
Desolators,https://wh40k.lexicanum.com/wiki/Desolators
Destroyers,https://wh40k.lexicanum.com/wiki/Destroyers
Dictators,https://wh40k.lexicanum.com/wiki/Dictators
Direglaives,https://wh40k.lexicanum.com/wiki/Direglaives
Disciples of Blood,https://wh40k.lexicanum.com/wiki/Disciples_of_Blood
Disciples of Caliban,https://wh40k.lexicanum.com/wiki/Disciples_of_Caliban
Doom Eagles,https://wh40k.lexicanum.com/wiki/Doom_Eagles
Doom Fists,https://wh40k.lexicanum.com/wiki/Doom_Fists
Doom Griffons,https://wh40k.lexicanum.com/wiki/Doom_Griffons
Doom Legion,https://wh40k.lexicanum.com/wiki/Doom_Legion
Doom Warriors,https://wh40k.lexicanum.com/wiki/Doom_Warriors
Doomsayers,https://wh40k.lexicanum.com/wiki/Doomsayers
Draconis,https://wh40k.lexicanum.com/wiki/Draconis
Dragon Lords,https://wh40k.lexicanum.com/wiki/Dragon_Lords
Dragons Ardent,https://wh40k.lexicanum.com/wiki/Dragons_Ardent
Dragonslayers,https://wh40k.lexicanum.com/wiki/Dragonslayers
Dragonspears,https://wh40k.lexicanum.com/wiki/Dragonspears
Drakes Radiant,https://wh40k.lexicanum.com/wiki/Drakes_Radiant
Eagle Warriors,https://wh40k.lexicanum.com/wiki/Eagle_Warriors
Ebon Knights,https://wh40k.lexicanum.com/wiki/Ebon_Knights
Emeralds of the Imperium,https://wh40k.lexicanum.com/wiki/Emeralds_of_the_Imperium
Emerald Snakes,https://wh40k.lexicanum.com/wiki/Emerald_Snakes
Emperor's Blades,https://wh40k.lexicanum.com/wiki/Emperor%27s_Blades_(Chapter)
Emperor's Claws,https://wh40k.lexicanum.com/wiki/Emperor%27s_Claws
Emperor's Hands,https://wh40k.lexicanum.com/wiki/Emperor%27s_Hands
Emperor's Havoc,https://wh40k.lexicanum.com/wiki/Emperor%27s_Havoc
Emperor's Hawks,https://wh40k.lexicanum.com/wiki/Emperor%27s_Hawks
Emperor's Paladins,https://wh40k.lexicanum.com/wiki/Emperor%27s_Paladins
Emperor's Pointy Sticks,https://wh40k.lexicanum.com/wiki/Emperor%27s_Pointy_Sticks
Emperor's Scythes,https://wh40k.lexicanum.com/wiki/Emperor%27s_Scythes
Emperor's Shadows,https://wh40k.lexicanum.com/wiki/Emperor%27s_Shadows
Emperor's Shields,https://wh40k.lexicanum.com/wiki/Emperor%27s_Shields
Emperor's Spears,https://wh40k.lexicanum.com/wiki/Emperor%27s_Spears
Emperor's Storm,https://wh40k.lexicanum.com/wiki/Emperor%27s_Storm
Emperor's Swords (Bellicas),https://wh40k.lexicanum.com/wiki/Emperor%27s_Swords_(Bellicas)
Emperor's Swords (Ghorstangrad),https://wh40k.lexicanum.com/wiki/Emperor%27s_Swords_(Ghorstangrad)
Emperor's Warbringers,https://wh40k.lexicanum.com/wiki/Emperor%27s_Warbringers
Emperor's Wolves,https://wh40k.lexicanum.com/wiki/Emperor%27s_Wolves
Espandors,https://wh40k.lexicanum.com/wiki/Espandors
Excoriators,https://wh40k.lexicanum.com/wiki/Excoriators
Excruciators,https://wh40k.lexicanum.com/wiki/Excruciators_(Chapter)
Excubants,https://wh40k.lexicanum.com/wiki/Excubants
Execrators,https://wh40k.lexicanum.com/wiki/Execrators
Executioners,https://wh40k.lexicanum.com/wiki/Executioners
Exemplars,https://wh40k.lexicanum.com/wiki/Exemplars
Exorcists,https://wh40k.lexicanum.com/wiki/Exorcists
Exsanguinators,https://wh40k.lexicanum.com/wiki/Exsanguinators
Falling Star,https://wh40k.lexicanum.com/wiki/Falling_Star
Farstalkers,https://wh40k.lexicanum.com/wiki/Farstalkers
Fervid Blades,https://wh40k.lexicanum.com/wiki/Fervid_Blades
Fire Angels,https://wh40k.lexicanum.com/wiki/Fire_Angels
Fire Claws,https://wh40k.lexicanum.com/wiki/Relictors
Fire Hawks,https://wh40k.lexicanum.com/wiki/Fire_Hawks
Fire Lords,https://wh40k.lexicanum.com/wiki/Fire_Lords
Firebreathers,https://wh40k.lexicanum.com/wiki/Firebreathers
Fists of Wrath,https://wh40k.lexicanum.com/wiki/Fists_of_Wrath
Flame Eagles,https://wh40k.lexicanum.com/wiki/Flame_Eagles
Flame Falcons,https://wh40k.lexicanum.com/wiki/Flame_Falcons
Flames of Aries,https://wh40k.lexicanum.com/wiki/Flames_of_Aries
Flesh Eaters,https://wh40k.lexicanum.com/wiki/Flesh_Eaters
Flesh Tearers,https://wh40k.lexicanum.com/wiki/Flesh_Tearers
Forlorn Sons,https://wh40k.lexicanum.com/wiki/Forlorn_Sons
Fulminators,https://wh40k.lexicanum.com/wiki/Fulminators
Furor Marines,https://wh40k.lexicanum.com/wiki/Furor_Marines
Genesis Chapter,https://wh40k.lexicanum.com/wiki/Genesis_Chapter
Gilded Sons,https://wh40k.lexicanum.com/wiki/Gilded_Sons
Golden Blades,https://wh40k.lexicanum.com/wiki/Golden_Blades
Golden Gryphons,https://wh40k.lexicanum.com/wiki/Golden_Gryphons
Golden Halos,https://wh40k.lexicanum.com/wiki/Golden_Halos
Golden Lions,https://wh40k.lexicanum.com/wiki/Golden_Lions
Golden Paladins,https://wh40k.lexicanum.com/wiki/Golden_Paladins
Golden Sons,https://wh40k.lexicanum.com/wiki/Golden_Sons
Gore Golems,https://wh40k.lexicanum.com/wiki/Gore_Golems
Gorgons,https://wh40k.lexicanum.com/wiki/Gorgons
Grail Guard,https://wh40k.lexicanum.com/wiki/Grail_Guard
Gravewardens of Piety,https://wh40k.lexicanum.com/wiki/Gravewardens_of_Piety
Grey Giants,https://wh40k.lexicanum.com/wiki/Grey_Giants
Grey Knights,https://wh40k.lexicanum.com/wiki/Grey_Knights
Grief Bringers,https://wh40k.lexicanum.com/wiki/Grief_Bringers
Griffon Lords,https://wh40k.lexicanum.com/wiki/Griffon_Lords
Griffons of Repentance,https://wh40k.lexicanum.com/wiki/Griffons_of_Repentance
Guardians of Celeres,https://wh40k.lexicanum.com/wiki/Guardians_of_Celeres
Guardians of the Abyss,https://wh40k.lexicanum.com/wiki/Guardians_of_the_Abyss
Guardians of the Covenant,https://wh40k.lexicanum.com/wiki/Guardians_of_the_Covenant
Halo Brethren,https://wh40k.lexicanum.com/wiki/Halo_Brethren
Halo Dragons,https://wh40k.lexicanum.com/wiki/Halo_Dragons
Hammers of Dhrex,https://wh40k.lexicanum.com/wiki/Hammers_of_Dhrex
Hammers of Dorn,https://wh40k.lexicanum.com/wiki/Hammers_of_Dorn
Hammers of Nocturne,https://wh40k.lexicanum.com/wiki/Hammers_of_Nocturne
Hammers of Retribution,https://wh40k.lexicanum.com/wiki/Hammers_of_Retribution
Harbingers,https://wh40k.lexicanum.com/wiki/Harbingers
Harrowers,https://wh40k.lexicanum.com/wiki/Harrowers
Hawk Lords,https://wh40k.lexicanum.com/wiki/Hawk_Lords
Heralds of Ultramar,https://wh40k.lexicanum.com/wiki/Heralds_of_Ultramar
Hellraisers,https://wh40k.lexicanum.com/wiki/Hellraisers
Heralds of Vengeance,https://wh40k.lexicanum.com/wiki/Heralds_of_Vengeance
Honoured Sons,https://wh40k.lexicanum.com/wiki/Honoured_Sons
Hospitallers,https://wh40k.lexicanum.com/wiki/Hospitallers
Hound Skull,https://wh40k.lexicanum.com/wiki/Hound_Skull
Hound Stalkers,https://wh40k.lexicanum.com/wiki/Hound_Stalkers
Hounds of Demos,https://wh40k.lexicanum.com/wiki/Hounds_of_Demos
Hounds of Ulster,https://wh40k.lexicanum.com/wiki/Hounds_of_Ulster
Howling Griffons,https://wh40k.lexicanum.com/wiki/Howling_Griffons
Howling Serpents,https://wh40k.lexicanum.com/wiki/Howling_Serpents
Ice Bears,https://wh40k.lexicanum.com/wiki/Ice_Bears
Icefangs,https://wh40k.lexicanum.com/wiki/Icefangs
Ignus Hortanium,https://wh40k.lexicanum.com/wiki/Ignus_Hortanium
Illuminators,https://wh40k.lexicanum.com/wiki/Illuminators
Immortal Hearts,https://wh40k.lexicanum.com/wiki/Immortal_Hearts
Imperators,https://wh40k.lexicanum.com/wiki/Imperators
Imperial Castellans,https://wh40k.lexicanum.com/wiki/Imperial_Castellans
Imperial Castilians,https://wh40k.lexicanum.com/wiki/Imperial_Castilians
Imperial Falcons,https://wh40k.lexicanum.com/wiki/Imperial_Falcons
Imperial Fists,https://wh40k.lexicanum.com/wiki/Imperial_Fists
Imperial Harbingers,https://wh40k.lexicanum.com/wiki/Imperial_Harbingers
Imperial Hawks,https://wh40k.lexicanum.com/wiki/Imperial_Hawks
Imperial Paladins,https://wh40k.lexicanum.com/wiki/Imperial_Paladins
Imperial Scars,https://wh40k.lexicanum.com/wiki/Imperial_Scars
Imperial Stars,https://wh40k.lexicanum.com/wiki/Imperial_Stars
Imperial Talons,https://wh40k.lexicanum.com/wiki/Imperial_Talons
Imperius Reavers,https://wh40k.lexicanum.com/wiki/Imperius_Reavers
Inceptors,https://wh40k.lexicanum.com/wiki/Inceptors
Inculcators,https://wh40k.lexicanum.com/wiki/Inculcators
Ingeniators,https://wh40k.lexicanum.com/wiki/Ingeniators
Interceptors,https://wh40k.lexicanum.com/wiki/Interceptors
Invaders,https://wh40k.lexicanum.com/wiki/Invaders
Inviolators,https://wh40k.lexicanum.com/wiki/Inviolators
Iron Angels,https://wh40k.lexicanum.com/wiki/Iron_Angels
Iron Butchers,https://wh40k.lexicanum.com/wiki/Iron_Butchers_(Chapter)
Iron Champions,https://wh40k.lexicanum.com/wiki/Iron_Champions
Iron Crusaders,https://wh40k.lexicanum.com/wiki/Iron_Crusaders
Iron Drakes,https://wh40k.lexicanum.com/wiki/Iron_Drakes_(Salamanders_Chapter)
Iron Fists,https://wh40k.lexicanum.com/wiki/Iron_Fists
Iron Hands,https://wh40k.lexicanum.com/wiki/Iron_Hands
Iron Hawks,https://wh40k.lexicanum.com/wiki/Iron_Hawks
Iron Hearts,https://wh40k.lexicanum.com/wiki/Iron_Hearts
Iron Hounds,https://wh40k.lexicanum.com/wiki/Iron_Hounds
Iron Knights,https://wh40k.lexicanum.com/wiki/Iron_Knights
Iron Lords,https://wh40k.lexicanum.com/wiki/Iron_Lords
Iron Ravens,https://wh40k.lexicanum.com/wiki/Iron_Ravens
Iron Scepters,https://wh40k.lexicanum.com/wiki/Iron_Scepters
Iron Shades,https://wh40k.lexicanum.com/wiki/Iron_Shades
Iron Shield Chapter,https://wh40k.lexicanum.com/wiki/Iron_Shield_Chapter
Iron Skulls,https://wh40k.lexicanum.com/wiki/Iron_Skulls
Iron Snakes,https://wh40k.lexicanum.com/wiki/Iron_Snakes
Iron Talons,https://wh40k.lexicanum.com/wiki/Iron_Talons
Iron Templars,https://wh40k.lexicanum.com/wiki/Iron_Templars
Iron Wolves,https://wh40k.lexicanum.com/wiki/Iron_Wolves_(Space_Marine_Chapter)
Jade Dragons,https://wh40k.lexicanum.com/wiki/Jade_Dragons
Jade Paladins,https://wh40k.lexicanum.com/wiki/Jade_Paladins
Jade Scorpions,https://wh40k.lexicanum.com/wiki/Jade_Scorpions
Keepers of the Chalice,https://wh40k.lexicanum.com/wiki/Keepers_of_the_Chalice
Knights Cerulean,https://wh40k.lexicanum.com/wiki/Knights_Cerulean
Knights Encarmine,https://wh40k.lexicanum.com/wiki/Knights_Encarmine
Knights Obstinate,https://wh40k.lexicanum.com/wiki/Knights_Obstinate
Knights Oceanus,https://wh40k.lexicanum.com/wiki/Knights_Oceanus
Knights of Abhorrence,https://wh40k.lexicanum.com/wiki/Knights_of_Abhorrence
Knights of Byzantium,https://wh40k.lexicanum.com/wiki/Knights_of_Byzantium
Knights of Doom,https://wh40k.lexicanum.com/wiki/Knights_of_Doom
Knights of Dorn,https://wh40k.lexicanum.com/wiki/Knights_of_Dorn
Knights of Eternity,https://wh40k.lexicanum.com/wiki/Knights_of_Eternity
Knights of Gryphonne,https://wh40k.lexicanum.com/wiki/Knights_of_Gryphonne
Knights of Mhorwen,https://wh40k.lexicanum.com/wiki/Knights_of_Mhorwen
Knights of Redemption,https://wh40k.lexicanum.com/wiki/Knights_of_Redemption
Knights of the Chalice,https://wh40k.lexicanum.com/wiki/Knights_of_the_Chalice
Knights of the Crimson Order,https://wh40k.lexicanum.com/wiki/Knights_of_the_Crimson_Order
Knights of the Raven,https://wh40k.lexicanum.com/wiki/Knights_of_the_Raven
Knights of the Shrouded Skull,https://wh40k.lexicanum.com/wiki/Knights_of_the_Shrouded_Skull
Knights of Thunder,https://wh40k.lexicanum.com/wiki/Knights_of_Thunder
Knights Ophidian,https://wh40k.lexicanum.com/wiki/Knights_Ophidian
Knights Sanguine,https://wh40k.lexicanum.com/wiki/Knights_Sanguine
Knights Unyielding,https://wh40k.lexicanum.com/wiki/Knights_Unyielding
Lamenters,https://wh40k.lexicanum.com/wiki/Lamenters
Legion of Night,https://wh40k.lexicanum.com/wiki/Legion_of_Night
Legion of the Damned,https://wh40k.lexicanum.com/wiki/Legion_of_the_Damned
Libators,https://wh40k.lexicanum.com/wiki/Libators
Liberators,https://wh40k.lexicanum.com/wiki/Liberators
Lion Warriors,https://wh40k.lexicanum.com/wiki/Lion_Warriors
Lions Azure,https://wh40k.lexicanum.com/wiki/Lions_Azure
Lions Defiant,https://wh40k.lexicanum.com/wiki/Lions_Defiant
Lords of Wrath,https://wh40k.lexicanum.com/wiki/Lords_of_Wrath
Mantis Warriors,https://wh40k.lexicanum.com/wiki/Mantis_Warriors
Marauders,https://wh40k.lexicanum.com/wiki/Marauders
Marines August,https://wh40k.lexicanum.com/wiki/Marines_August
Marines Errant,https://wh40k.lexicanum.com/wiki/Marines_Errant
Marines Errantor,https://wh40k.lexicanum.com/wiki/Marines_Errantor
Marines Exemplar,https://wh40k.lexicanum.com/wiki/Marines_Exemplar
Marines Malevolent,https://wh40k.lexicanum.com/wiki/Marines_Malevolent
Marines Mordant,https://wh40k.lexicanum.com/wiki/Marines_Mordant
Marines Penitent,https://wh40k.lexicanum.com/wiki/Marines_Penitent
Marines Vigilant,https://wh40k.lexicanum.com/wiki/Marines_Vigilant
Masters of Protelus,https://wh40k.lexicanum.com/wiki/Masters_of_Protelus
Mentors,https://wh40k.lexicanum.com/wiki/Mentors
Meridian Shields,https://wh40k.lexicanum.com/wiki/Meridian_Shields
Metamarines,https://wh40k.lexicanum.com/wiki/Metamarines
Metatron,https://wh40k.lexicanum.com/wiki/The_Metatron
Minotaurs,https://wh40k.lexicanum.com/wiki/Minotaurs
Mooneaters,https://wh40k.lexicanum.com/wiki/Mooneaters
Mortifactors,https://wh40k.lexicanum.com/wiki/Mortifactors
Mortui Malleorum,https://wh40k.lexicanum.com/wiki/Mortui_Malleorum
Nameless,https://wh40k.lexicanum.com/wiki/The_Nameless
Necropolis Hawks,https://wh40k.lexicanum.com/wiki/Necropolis_Hawks
Nemesis,https://wh40k.lexicanum.com/wiki/Nemesis
Nemesors,https://wh40k.lexicanum.com/wiki/Nemesors
Night Hawks,https://wh40k.lexicanum.com/wiki/Night_Hawks
Night Raptors,https://wh40k.lexicanum.com/wiki/Night_Raptors_(Chapter)
Night Reapers,https://wh40k.lexicanum.com/wiki/Night_Reapers
Night Sentinels,https://wh40k.lexicanum.com/wiki/Night_Sentinels
Night Swords,https://wh40k.lexicanum.com/wiki/Night_Swords
Night Watch,https://wh40k.lexicanum.com/wiki/Night_Watch
Nightshades,https://wh40k.lexicanum.com/wiki/Nightshades
Nova Legion,https://wh40k.lexicanum.com/wiki/Nova_Legion
Nova Wings,https://wh40k.lexicanum.com/wiki/Nova_Wings
Novamarines,https://wh40k.lexicanum.com/wiki/Novamarines
Oblators,https://wh40k.lexicanum.com/wiki/Oblators
Obsidian Jaguars,https://wh40k.lexicanum.com/wiki/Obsidian_Jaguars
Omega Marines,https://wh40k.lexicanum.com/wiki/Omega_Marines
Outrider Chapter,https://wh40k.lexicanum.com/wiki/Outrider_Chapter
Pain Bringers,https://wh40k.lexicanum.com/wiki/Pain_Bringers
Panthers,https://wh40k.lexicanum.com/wiki/Panthers
Pathfinders,https://wh40k.lexicanum.com/wiki/Pathfinders
Patriarchs of Ulixis,https://wh40k.lexicanum.com/wiki/Patriarchs_of_Ulixis
Penitent Blades,https://wh40k.lexicanum.com/wiki/Penitent_Blades
Penitents,https://wh40k.lexicanum.com/wiki/Penitents
Penumbra's Talons,https://wh40k.lexicanum.com/wiki/Penumbra%27s_Talons
Penumbral Talons,https://wh40k.lexicanum.com/wiki/Penumbral_Talons
Persecutors of Darkness,https://wh40k.lexicanum.com/wiki/Persecutors_of_Darkness
Pharos Blades,https://wh40k.lexicanum.com/wiki/Pharos_Blades
Pheonix,https://wh40k.lexicanum.com/wiki/Pheonix
Praetors of Orpheus,https://wh40k.lexicanum.com/wiki/Praetors_of_Orpheus
Prandium Consul,https://wh40k.lexicanum.com/wiki/Prandium_Consul
Prime Absolvers,https://wh40k.lexicanum.com/wiki/Prime_Absolvers
Purgators,https://wh40k.lexicanum.com/wiki/Purgators
Purple Stars,https://wh40k.lexicanum.com/wiki/Purple_Stars
Rainbow Warriors,https://wh40k.lexicanum.com/wiki/Rainbow_Warriors
Rampagers,https://wh40k.lexicanum.com/wiki/Rampagers
Raptors,https://wh40k.lexicanum.com/wiki/Raptors_(Chapter)
Raven Covenant,https://wh40k.lexicanum.com/wiki/Raven_Covenant
Raven Guard,https://wh40k.lexicanum.com/wiki/Raven_Guard
Raven’s Watch,https://wh40k.lexicanum.com/wiki/Raven%E2%80%99s_Watch
Reborn,https://wh40k.lexicanum.com/wiki/Reborn_(Chapter)
Rechista Fists,https://wh40k.lexicanum.com/wiki/Rechista_Fists
Reclaimers,https://wh40k.lexicanum.com/wiki/Reclaimers
Red Consuls,https://wh40k.lexicanum.com/wiki/Red_Consuls
Red Dragons,https://wh40k.lexicanum.com/wiki/Red_Dragons
Red Hunters,https://wh40k.lexicanum.com/wiki/Red_Hunters
Red Knights,https://wh40k.lexicanum.com/wiki/Red_Knights
Red Legion,https://wh40k.lexicanum.com/wiki/Red_Legion
Red Scimitars,https://wh40k.lexicanum.com/wiki/Red_Scimitars
Red Scorpions,https://wh40k.lexicanum.com/wiki/Red_Scorpions
Red Seraphs,https://wh40k.lexicanum.com/wiki/Red_Seraphs
Red Talons,https://wh40k.lexicanum.com/wiki/Red_Talons
Red Templars,https://wh40k.lexicanum.com/wiki/Red_Templars
Red Wings,https://wh40k.lexicanum.com/wiki/Red_Wings
Red Wolves,https://wh40k.lexicanum.com/wiki/Red_Wolves
Redeemed,https://wh40k.lexicanum.com/wiki/Redeemed
Redeemers,https://wh40k.lexicanum.com/wiki/Redeemers
Redemptors,https://wh40k.lexicanum.com/wiki/Redemptors
Regents of Gheren,https://wh40k.lexicanum.com/wiki/Regents_of_Gheren
Remnants,https://wh40k.lexicanum.com/wiki/The_Remnants
Reparators,https://wh40k.lexicanum.com/wiki/Reparators
Repentant Brotherhood,https://wh40k.lexicanum.com/wiki/Repentant_Brotherhood
Retractors,https://wh40k.lexicanum.com/wiki/Retractors
Retributors,https://wh40k.lexicanum.com/wiki/Retributors
Revilers,https://wh40k.lexicanum.com/wiki/Revilers
Rhetors,https://wh40k.lexicanum.com/wiki/Rhetors
Rift Cobras,https://wh40k.lexicanum.com/wiki/Rift_Cobras
Rift Praetors,https://wh40k.lexicanum.com/wiki/Rift_Praetors
Rift Stalkers,https://wh40k.lexicanum.com/wiki/Rift_Stalkers
Ruby Crescents,https://wh40k.lexicanum.com/wiki/Ruby_Crescents
Rust Oxen,https://wh40k.lexicanum.com/wiki/Rust_Oxen
Sable Brotherhood,https://wh40k.lexicanum.com/wiki/Sable_Brotherhood
Sable Knights,https://wh40k.lexicanum.com/wiki/Sable_Knights
Sable Swords,https://wh40k.lexicanum.com/wiki/Sable_Swords
Salamanders,https://wh40k.lexicanum.com/wiki/Salamanders
Sanguine Host,https://wh40k.lexicanum.com/wiki/Sanguine_Host
Sanguine Knights,https://wh40k.lexicanum.com/wiki/Sanguine_Knights
Scar Lords,https://wh40k.lexicanum.com/wiki/Scar_Lords
Scimitar Guard,https://wh40k.lexicanum.com/wiki/Scimitar_Guard
Scions of Mathellax,https://wh40k.lexicanum.com/wiki/Scions_of_Mathellax
Scions of Sanguinius,https://wh40k.lexicanum.com/wiki/Scions_of_Sanguinius
Scythes of the Emperor,https://wh40k.lexicanum.com/wiki/Scythes_of_the_Emperor
Selenarchs,https://wh40k.lexicanum.com/wiki/Selenarchs
Sentinels of Uphrateus,https://wh40k.lexicanum.com/wiki/Sentinels_of_Uphrateus
Shadow Falcons,https://wh40k.lexicanum.com/wiki/Shadow_Falcons
Shadow Griffons,https://wh40k.lexicanum.com/wiki/Shadow_Griffons
Shadow Haunters,https://wh40k.lexicanum.com/wiki/Shadow_Haunters
Shadow Hawks,https://wh40k.lexicanum.com/wiki/Shadow_Hawks
Shadow Wolves,https://wh40k.lexicanum.com/wiki/Shadow_Wolves
Shadowhawks,https://wh40k.lexicanum.com/wiki/Shadowhawks
Shifting Sands,https://wh40k.lexicanum.com/wiki/Shifting_Sands
Silent Vigil,https://wh40k.lexicanum.com/wiki/Silent_Vigil
Silurian Sons,https://wh40k.lexicanum.com/wiki/Silurian_Sons
Silver Drakes,https://wh40k.lexicanum.com/wiki/Silver_Drakes
Silver Eagles,https://wh40k.lexicanum.com/wiki/Silver_Eagles
Silver Guard,https://wh40k.lexicanum.com/wiki/Silver_Guard
Silver Phoenixes,https://wh40k.lexicanum.com/wiki/Silver_Phoenixes
Silver Sabres,https://wh40k.lexicanum.com/wiki/Silver_Sabres
Silver Skulls,https://wh40k.lexicanum.com/wiki/Silver_Skulls
Silver Spectres,https://wh40k.lexicanum.com/wiki/Silver_Spectres
Silver Stars,https://wh40k.lexicanum.com/wiki/Silver_Stars
Silver Templars,https://wh40k.lexicanum.com/wiki/Silver_Templars
Silvered Blades,https://wh40k.lexicanum.com/wiki/Silvered_Blades
Skull Bearers,https://wh40k.lexicanum.com/wiki/Skull_Bearers
Sky Sentinels,https://wh40k.lexicanum.com/wiki/Sky_Sentinels
Solar Hawks,https://wh40k.lexicanum.com/wiki/Solar_Hawks
Sons of Antaeus,https://wh40k.lexicanum.com/wiki/Sons_of_Antaeus
Sons of Ares,https://wh40k.lexicanum.com/wiki/Sons_of_Ares
Sons of Dorn,https://wh40k.lexicanum.com/wiki/Sons_of_Dorn
Sons of Fire,https://wh40k.lexicanum.com/wiki/Sons_of_Fire
Sons of Galathor,https://wh40k.lexicanum.com/wiki/Sons_of_Galathor
Sons of Gideon,https://wh40k.lexicanum.com/wiki/Sons_of_Gideon
Sons of Gorgax,https://wh40k.lexicanum.com/wiki/Sons_of_Gorgax
Sons of Guilliman,https://wh40k.lexicanum.com/wiki/Sons_of_Guilliman
Sons of Jaghatai,https://wh40k.lexicanum.com/wiki/Sons_of_Jaghatai
Sons of Medusa,https://wh40k.lexicanum.com/wiki/Sons_of_Medusa
Sons of Orar,https://wh40k.lexicanum.com/wiki/Sons_of_Orar
Sons of Pertinax,https://wh40k.lexicanum.com/wiki/Sons_of_Pertinax
Sons of Sanguinius,https://wh40k.lexicanum.com/wiki/Sons_of_Sanguinius
Sons of Taurus,https://wh40k.lexicanum.com/wiki/Sons_of_Taurus
Sons of the Kraken,https://wh40k.lexicanum.com/wiki/Sons_of_the_Kraken
Sons of the Phoenix,https://wh40k.lexicanum.com/wiki/Sons_of_the_Phoenix
Sons of the Raven,https://wh40k.lexicanum.com/wiki/Sons_of_the_Raven
Space Wolves,https://wh40k.lexicanum.com/wiki/Space_Wolves
Spectral Tigers,https://wh40k.lexicanum.com/wiki/Spectral_Tigers
Star Dragons,https://wh40k.lexicanum.com/wiki/Star_Dragons
Star Leopards,https://wh40k.lexicanum.com/wiki/Star_Leopards
Star Phantoms,https://wh40k.lexicanum.com/wiki/Star_Phantoms
Star Scorpions,https://wh40k.lexicanum.com/wiki/Star_Scorpions
Steel Confessors,https://wh40k.lexicanum.com/wiki/Steel_Confessors
Stewards of the Sanctum,https://wh40k.lexicanum.com/wiki/Stewards_of_the_Sanctum
Stone Gauntlets,https://wh40k.lexicanum.com/wiki/Stone_Gauntlets
Stone Hearts,https://wh40k.lexicanum.com/wiki/Stone_Hearts
Storm Callers,https://wh40k.lexicanum.com/wiki/Storm_Callers
Storm Dragons,https://wh40k.lexicanum.com/wiki/Storm_Dragons
Storm Falcons,https://wh40k.lexicanum.com/wiki/Storm_Falcons
Storm Giants,https://wh40k.lexicanum.com/wiki/Storm_Giants
Storm Hawks,https://wh40k.lexicanum.com/wiki/Storm_Hawks
Storm Heralds,https://wh40k.lexicanum.com/wiki/Storm_Heralds
Storm Lords,https://wh40k.lexicanum.com/wiki/Storm_Lords
Storm Ravens,https://wh40k.lexicanum.com/wiki/Storm_Ravens
Storm Reapers,https://wh40k.lexicanum.com/wiki/Storm_Reapers
Storm Wardens,https://wh40k.lexicanum.com/wiki/Storm_Wardens
Storm Warriors,https://wh40k.lexicanum.com/wiki/Storm_Warriors
Storm Wings,https://wh40k.lexicanum.com/wiki/Storm_Wings
Stormwalkers,https://wh40k.lexicanum.com/wiki/Stormwalkers
Stormwatcher,https://wh40k.lexicanum.com/wiki/Stormwatcher
Subjugators,https://wh40k.lexicanum.com/wiki/Subjugators
Supplicators,https://wh40k.lexicanum.com/wiki/Supplicators
Swords of Guilliman,https://wh40k.lexicanum.com/wiki/Swords_of_Guilliman
Swords of Praesium,https://wh40k.lexicanum.com/wiki/Swords_of_Praesium
Swords Sanguine,https://wh40k.lexicanum.com/wiki/Swords_Sanguine
Tarantulas,https://wh40k.lexicanum.com/wiki/Tarantulas
Tauran,https://wh40k.lexicanum.com/wiki/Tauran
Tempest Guard,https://wh40k.lexicanum.com/wiki/Tempest_Guard
Tempestors,https://wh40k.lexicanum.com/wiki/Tempestors
Templars of Blood,https://wh40k.lexicanum.com/wiki/Templars_of_Blood
Templars of the Covenant,https://wh40k.lexicanum.com/wiki/Templars_of_the_Covenant
Terror Tigers,https://wh40k.lexicanum.com/wiki/Terror_Tigers
Tigers Argent,https://wh40k.lexicanum.com/wiki/Tigers_Argent
Tome Keepers,https://wh40k.lexicanum.com/wiki/Tome_Keepers
Tormented,https://wh40k.lexicanum.com/wiki/Tormented
Tormentors,https://wh40k.lexicanum.com/wiki/Tormentors_(Chapter)
Tributors,https://wh40k.lexicanum.com/wiki/Tributors
Tridents of the Atox,https://wh40k.lexicanum.com/wiki/Tridents_of_the_Atox
Twilight Magisters,https://wh40k.lexicanum.com/wiki/Twilight_Magisters
Twilight Swords,https://wh40k.lexicanum.com/wiki/Twilight_Swords_(Chapter)
Ultramarines,https://wh40k.lexicanum.com/wiki/Ultramarines
Umbral Knights,https://wh40k.lexicanum.com/wiki/Umbral_Knights
Unnamed,https://wh40k.lexicanum.com/wiki/The_Unnamed
Valedictors,https://wh40k.lexicanum.com/wiki/Valedictors
Valiant Blades,https://wh40k.lexicanum.com/wiki/Valiant_Blades
Venerators,https://wh40k.lexicanum.com/wiki/Venerators
Venerators of Osiron,https://wh40k.lexicanum.com/wiki/Venerators_of_Osiron
Verydian Hawks,https://wh40k.lexicanum.com/wiki/Verydian_Hawks
Victors,https://wh40k.lexicanum.com/wiki/Victors
Vindicators,https://wh40k.lexicanum.com/wiki/Vindicators
Viper Legion,https://wh40k.lexicanum.com/wiki/Viper_Legion
Vipers Penitent,https://wh40k.lexicanum.com/wiki/Vipers_Penitent
Void Axes,https://wh40k.lexicanum.com/wiki/Void_Axes
Void Bringers,https://wh40k.lexicanum.com/wiki/Void_Bringers
Void Daggers,https://wh40k.lexicanum.com/wiki/Void_Daggers
Void Reapers,https://wh40k.lexicanum.com/wiki/Void_Reapers
Void Sabres,https://wh40k.lexicanum.com/wiki/Void_Sabres
Void Talons,https://wh40k.lexicanum.com/wiki/Void_Talons
Void Tridents,https://wh40k.lexicanum.com/wiki/Void_Tridents
Vorpal Swords,https://wh40k.lexicanum.com/wiki/Vorpal_Swords
War Bearers,https://wh40k.lexicanum.com/wiki/War_Bearers
War Lions,https://wh40k.lexicanum.com/wiki/War_Lions
Wardens of the Philae,https://wh40k.lexicanum.com/wiki/Wardens_of_the_Philae
Warhawks,https://wh40k.lexicanum.com/wiki/Warhawks
Warmongers,https://wh40k.lexicanum.com/wiki/Warmongers
Warrior Adepts,https://wh40k.lexicanum.com/wiki/Warrior_Adepts
Warriors Tempest,https://wh40k.lexicanum.com/wiki/Warriors_Tempest
Watchguards,https://wh40k.lexicanum.com/wiki/Watchguards
White Consuls,https://wh40k.lexicanum.com/wiki/White_Consuls
White Minotaurs,https://wh40k.lexicanum.com/wiki/White_Minotaurs
White Novas,https://wh40k.lexicanum.com/wiki/White_Novas
White Panthers,https://wh40k.lexicanum.com/wiki/White_Panthers
White Scars,https://wh40k.lexicanum.com/wiki/White_Scars
White Sentinels,https://wh40k.lexicanum.com/wiki/White_Sentinels
White Templars,https://wh40k.lexicanum.com/wiki/White_Templars
Widowmakers,https://wh40k.lexicanum.com/wiki/Widowmakers
Wolf Brothers,https://wh40k.lexicanum.com/wiki/Wolf_Brothers
Wolfspear,https://wh40k.lexicanum.com/wiki/Wolfspear
Wrathhost,https://wh40k.lexicanum.com/wiki/Wrathhost
